instance,literature,greedy,rand_0.3,rand_0.5,rand_0.8,react_0.5,react_1.0,react_2.0
scenario_n30_l30_d0.20_instance01,2150.0,0.06515000000000001,3.8675249999999997,4.507175,4.708025,26.4735,25.522475,22.414225
scenario_n30_l30_d0.50_instance01,7220.0,0.0591,5.127925,5.8473749999999995,6.32135,32.117525,31.8703,27.45725
scenario_n30_l30_d0.80_instance01,30.0,0.067775,6.5326249999999995,7.048725,7.3809499999999995,39.076925,37.142,33.68415
Média,3133.3333333333335,0.06400833333333333,5.176025,5.801091666666667,6.136775,32.55598333333334,31.511591666666664,27.851874999999996
