instance,best,literature,greedy,rand_0.3,rand_0.5,rand_0.8,react_0.5,react_1.0,react_2.0
scenario_n20_l20_d0.20_instance01,6.7,0.0,0.19402985074626863,0.2366737739872069,0.34328358208955223,0.2899786780383794,0.22601279317697215,0.22601279317697215,0.23134328358208953
scenario_n20_l20_d0.50_instance01,3.1,0.0,0.3824884792626727,0.9124423963133641,1.3963133640552996,0.7050691244239631,0.2672811059907833,0.24423963133640553,0.20967741935483866
scenario_n20_l20_d0.80_instance01,2.4,0.0,0.5773809523809524,1.3511904761904765,1.9761904761904767,0.9940476190476191,0.2202380952380952,0.2202380952380952,0.14583333333333337
Média,,0.0,0.38463309412996455,0.8334355488303492,1.2385958074451096,0.6630318071699871,0.23784399813528356,0.2301635065838243,0.1956180120900872
