instance,literature,greedy,rand_0.3,rand_0.5,rand_0.8,react_0.5,react_1.0,react_2.0
scenario_n40_l40_d0.20_instance01,2590.0,0.08645,6.7079249999999995,7.7078,8.346025000000001,43.31415,43.793724999999995,39.44307500000001
scenario_n40_l40_d0.50_instance01,1600.0,0.09132499999999999,9.636425,10.907300000000001,11.836375,69.92805,58.49005,52.340025
scenario_n40_l40_d0.80_instance01,70.0,0.098625,11.6525,14.216225,13.2148,70.898325,66.74305000000001,59.798474999999996
Média,1420.0,0.09213333333333333,9.332283333333333,10.943775,11.132399999999999,61.380175,56.342275,50.52719166666666
