instance,best,literature,greedy,rand_0.1,rand_0.2,rand_0.3,react_0.5,react_1.0,react_2.0
scenario_n30_l30_d0.20_instance01,7.4,0.0,0.2556306306306305,0.32882882882882886,0.5484234234234234,0.3851351351351351,0.19932432432432426,0.17117117117117103,0.1486486486486486
scenario_n30_l30_d0.50_instance01,3.7,0.0,0.5990990990990991,1.027027027027027,1.5675675675675675,1.0382882882882882,0.32882882882882886,0.32882882882882886,0.2741312741312741
scenario_n30_l30_d0.80_instance01,2.8,0.0,0.7261904761904762,1.3809523809523812,2.363095238095238,1.4404761904761905,0.22023809523809526,0.22023809523809526,0.22448979591836735
Média,,0.0,0.5269734019734019,0.9122694122694123,1.4930287430287432,0.9546332046332046,0.24946374946374947,0.24007936507936503,0.21575657289943004
