instance,literature,greedy,rand_0.3,rand_0.5,rand_0.8,react_0.5,react_1.0,react_2.0
scenario_n20_l20_d0.20_instance01,910.0,0.052225,1.635775,1.7016499999999999,1.9892499999999997,10.64045,10.556175,11.096474999999998
scenario_n20_l20_d0.50_instance01,790.0,0.038,2.442125,2.3842,2.4867250000000003,13.253975,13.137275,11.727274999999999
scenario_n20_l20_d0.80_instance01,1670.0,0.03925,2.836875,2.885,3.7252,17.889575,15.6922,14.3812
Média,1123.3333333333333,0.04315833333333333,2.304925,2.3236166666666667,2.7337249999999997,13.927999999999999,13.128549999999999,12.401649999999998
